<?xml version="1.0" encoding="UTF-8"?>
<faces-config version="2.1" xmlns="http://java.sun.com/xml/ns/javaee"
 xmlns:xi="http://www.w3.org/2001/XInclude"
 xmlns:xsi="http://www.w3.org/2001/XMLSchema-instance" xsi:schemaLocation="http://java.sun.com/xml/ns/javaee http://java.sun.com/xml/ns/javaee/web-facesconfig_2_1.xsd">
 <application>
  <resource-bundle>
   <base-name>resources.textMain</base-name>
   <var>txtMain</var>
  </resource-bundle>
  <resource-bundle>
   <base-name>resources.textCalcErr</base-name>
   <var>txtCalcErr</var>
  </resource-bundle>
  <resource-bundle>
   <base-name>resources.textCalc</base-name>
   <var>txtCalc</var>
  </resource-bundle>
  <locale-config>
   <default-locale>en</default-locale>
  </locale-config>
 </application>
</faces-config>
